QS0009079318,AMUNDI LABEL EQUILIBRE SOLIDAIRE ESR - F,ON,W
QS0009084201,AMUNDI LABEL OBLIGATAIRE ESR - F,ON,W
QS0009080738,AMUNDI LABEL PRUDENCE ESR - F,ON,W
QS0009084177,AMUNDI OPPORTUNITES ESR - F,ON,W
QS0009099829,AMUNDI PROTECT 90 ESR - F,ON,W
IE00B3RBWM25,DEGIRO - Vanguard FTSE All-World,ON,W
IE00BK5BQT80,DEGIRO - Vanguard FTSE All-World (Acc),ON,W
IE00B3XXRP09,DEGIRO - Vanguard S&P 500,ON,W
IE00B4L5Y983,DEGIRO - iShares MSCI World,ON,W
FR0010527275,EAU - Amundi MSCI Water 1,ON,W
FR0014002CH1,EAU - Amundi MSCI Water 2,ON,W
FR0011882364,EAU - Amundi PEA Eau,ON,W
IE00B1TXK627,EAU - IShares Global Water,ON,W
IE00BK5BC891,EAU - L&G Clean Water,OFF,W
QS0009084227,GIL - AMUNDI LABEL ACTIONS EUROLAND ESR - F,ON,W
QS0009080720,GIL - AMUNDI LABEL MONETAIRE ESR - F,ON,W
