QS0009079318,AMUNDI LABEL EQUILIBRE SOLIDAIRE ESR - F,ON,M
QS0009080720,AMUNDI LABEL MONETAIRE ESR - F,ON,M
QS0009080738,AMUNDI LABEL PRUDENCE ESR - F,OFF,M
QS0009084177,AMUNDI OPPORTUNITES ESR - F,OFF,M
QS0009084201,AMUNDI LABEL OBLIGATAIRE ESR - F,OFF,M
QS0009084227,AMUNDI LABEL ACTIONS EUROLAND ESR - F,OFF,M
QS0009099829,AMUNDI PROTECT 90 ESR - F,OFF,M
IWDA.AS,iShares Core MSCI World UCITS ETF USD,OFF,M
VUSA.AS,Vanguard S&P 500,OFF,M
VWCE.DE,Vanguard FTSE All-World,OFF,M
SXR8.DE,Vanguard FTSE All-World,OFF,M
